model,epoch,train_loss_mean,train_loss_std,test_loss_mean,test_loss_std
snn_lif,1,260.3611553430557,1.9545949858730016,41.010317134857175,0.4016523227345257
snn_lif,2,230.821630859375,4.421335071108281,37.42904572486877,1.2487697896683343
snn_lif,3,215.95448844432832,6.814560745237783,35.62490577697754,0.9893210959060234
snn_lif,4,205.81823422908784,6.357438942922967,33.717270374298096,1.0702821761291907
snn_lif,5,193.82573127746582,6.517305551657341,32.17506172657013,0.7396427700681742
snn_lif,6,184.2006789445877,5.895350626633487,30.198887395858765,0.8114583461166089
snn_lif,7,172.76208577156066,4.669295399747505,28.455400705337524,0.6535356886246929
snn_lif,8,164.24567754268645,6.633315520279372,27.26806733608246,1.5363710730052769
snn_lif,9,157.10133471488953,8.120371502936091,25.977088379859925,1.6599044785511265
snn_lif,10,150.51751298904418,9.724228621150806,25.005265617370604,1.98677361606554
snn_lif,11,143.0910785794258,11.058730461373807,23.725280594825744,1.9607802340798033
snn_lif,12,136.13565578460694,11.028429170326124,22.693121433258057,2.1105888128149326
snn_lif,13,130.60456510782242,11.00109717724536,22.026505303382873,1.9087150812225655
snn_lif,14,126.39034388065338,10.697610470234078,21.408443808555603,2.175055369295987
snn_lif,15,122.40858646631241,11.63614057820227,20.204873287677763,2.160128066181765
snn_lif,16,119.07804876565933,11.134530752081286,20.703895854949952,2.147798840953858
snn_lif,17,116.64624190330505,11.601781158642329,19.865380311012267,2.0053700077209733
snn_lif,18,114.11072927713394,11.45807451974943,19.224269938468932,2.300064525805253
snn_lif,19,111.62582521438598,11.173654096743613,18.616745018959044,1.8274707520239424
snn_lif,20,108.84778901338578,10.240439852253077,18.57310358285904,1.7984823864197532
snn_lif,21,107.2543509364128,9.635912163741802,17.909903061389922,1.75197124135013
snn_lif,22,104.20381957292557,9.228518803361776,17.55719518661499,1.798187986494577
snn_lif,23,101.63961917161942,8.487826325262912,16.968807816505432,1.5839309210938528
snn_lif,24,99.54534239768982,7.62152877810485,17.076567792892455,1.7733675802590037
snn_lif,25,97.60197405815124,6.668833814616926,16.48114356994629,1.3712720962813938
snn_lif,26,95.25216697454452,6.677128162086253,15.97770060300827,1.2600691886619673
snn_lif,27,92.15079818964004,6.888895158033348,16.080193120241166,1.7962915945860325
snn_lif,28,89.84494026899338,5.063348504813274,15.152206659317017,0.5546500932039218
snn_lif,29,87.71826864480973,5.752596594505781,14.874532860517501,1.0826694878031553
snn_lif,30,86.1427637219429,5.360963173302502,14.575742888450623,1.0548810244180655
snn_lif,31,83.85399838089943,5.405970371719445,14.23170601129532,0.5875670902772143
snn_lif,32,82.28914912343025,5.070167810342601,14.057602697610855,0.9911991490066564
snn_lif,33,80.79241546988487,4.980887846624342,13.624269807338715,1.0004047334069124
snn_lif,34,79.58656448125839,4.65514639320631,13.34556092619896,0.8445320019722827
snn_lif,35,78.01564661860466,5.164709533814814,13.227294212579727,0.6813828924583814
snn_lif,36,76.88568516373634,4.362382084230267,12.991568690538406,1.112229104985721
snn_lif,37,75.77275590896606,4.860731634652613,13.010383415222169,0.5247150800798589
snn_lif,38,74.88992269039154,4.978414872821245,12.821434104442597,1.2637188885136832
snn_lif,39,73.63615396022797,5.375245015178785,12.252052962779999,0.9379206480455303
snn_lif,40,72.77287170290947,4.222071911549256,12.751581311225891,0.887151133184845
snn_lif,41,71.64491031765938,5.070386073225674,12.520371335744858,1.3657708808224232
snn_lif,42,71.04748078584672,5.118968852356345,12.376994407176971,0.9426536338551755
snn_lif,43,69.83978359103203,5.484151351535164,12.255391347408295,1.1516745196374112
snn_lif,44,69.39111379981041,5.466315057240546,12.158652353286744,0.641134601286498
snn_lif,45,68.09706762433052,3.872542960863144,11.689108026027679,0.8841273726900384
snn_lif,46,67.06898819804192,4.722030459557537,11.392984706163407,0.8710054105352304
snn_lif,47,66.00079939365386,4.592677598868086,11.468926256895065,1.0241571269151786
snn_lif,48,65.48088213801384,4.9457757690922906,11.38280228972435,1.0379800880969197
snn_lif,49,64.50198602676392,4.844268207470702,11.096101480722428,0.6695750985784147
snn_lif,50,63.39747951030731,4.863806872340053,10.780623996257782,0.9392898578869915
snn_lif,51,62.89458687305451,4.631104322529491,10.782472431659698,0.7881438696380624
snn_lif,52,62.06271508932114,4.700060421308016,10.997486978769302,0.8918132809444222
snn_lif,53,61.99918218851089,4.87339544674455,10.611203598976136,0.9609771670062408
snn_lif,54,60.952155417203905,4.987046205970506,10.536827051639557,1.1137660640047893
snn_lif,55,60.46979246735573,5.405549854196837,10.40494762659073,0.9702447728115442
snn_lif,56,59.750947040319446,5.429897776952511,10.249087724089623,0.7499645536400519
snn_lif,57,59.34046996831894,5.25266274256366,10.473728799819947,0.9268037719928719
snn_lif,58,58.601255404949185,4.876928226828848,10.230689227581024,1.0834290799652693
snn_lif,59,58.164354127645495,5.303165950007479,9.890893644094467,0.8258913331660601
snn_lif,60,56.56201664209366,4.65009158814327,9.748349809646607,1.0537151245379146
snn_lif,61,57.48960675001145,4.75674082935799,10.101795136928558,0.9820918311653741
snn_lif,62,56.05365479588509,4.867486003571632,10.003865313529968,0.698504268085515
snn_lif,63,55.57385935783386,4.820657219305045,9.710552030801773,0.7621645860569463
snn_lif,64,55.864405053853986,4.889564297922126,9.7716279566288,1.3150867342829886
snn_lif,65,55.07457288503647,5.772785623765637,9.30797723531723,0.985775763582914
snn_lif,66,54.282453912496564,5.344977529139712,9.446956756711007,1.0424484224960557
snn_lif,67,54.6759957075119,5.511193905119126,9.53650543987751,0.9978936128165069
snn_lif,68,53.52248811721802,5.547610506304582,9.220146694779396,0.8967867509362126
snn_lif,69,53.39626255631447,5.456416330204444,9.179032486677169,1.0573266102968444
snn_lif,70,53.10238420367241,5.579804961386193,9.126457461714745,1.064741145909914
snn_lif,71,52.47587779164314,5.553149130038548,9.328111833333969,0.8931328855959045
snn_lif,72,52.42252207398415,5.26985029675868,9.29919155538082,0.7471285869467491
snn_lif,73,51.86200991868973,5.145746971714346,8.800783002376557,0.9428181869171579
snn_lif,74,51.38394500911236,5.3655418986759,8.976340103149415,1.0038138468283422
snn_lif,75,51.075673300027844,5.5647567633924275,8.834593710303306,1.0463748971190365
snn_lif,76,50.23564592599869,5.278424378924023,9.092546910047531,0.8848868055500979
snn_lif,77,50.175048971176146,4.724032043479492,8.739203247427941,0.9151841053571889
snn_lif,78,50.3354186296463,5.902945839457999,8.795876783132552,1.057518975045662
snn_lif,79,49.72831509411335,5.223493878217387,8.933494383096695,0.8758793309601064
snn_lif,80,49.30052199363708,5.199477817937796,8.73415045440197,0.9192238366166671
snn_lif,81,49.1550203114748,6.088492849741373,8.455249103903771,1.217301640926673
snn_lif,82,48.5243181169033,5.201875660690663,8.659437078237534,1.080499621813513
snn_lif,83,48.14964018464089,5.571766821892501,8.599880883097649,1.0253844277357567
snn_lif,84,48.3459674179554,4.790718217562354,8.413333716988564,1.0509930137171646
snn_lif,85,47.88862236738205,5.781930447084691,8.644381660223008,1.3452203301125234
snn_lif,86,46.98645107150078,5.706204336657417,8.126526466012,1.021655724162685
snn_lif,87,46.66793970763683,5.504552279205782,8.256312844157218,0.8806761040965984
snn_lif,88,45.610174334049226,5.074591292731079,8.451620608568192,1.2878410936167135
snn_lif,89,45.92395647168159,5.325295193361271,8.189025002717973,1.0632770578310187
snn_lif,90,46.78806244432926,5.238392425966864,8.132083866000176,0.8171840140486397
snn_lif,91,46.13851495087147,5.369537277611152,8.165144476294518,1.0815629304648116
snn_lif,92,45.76328403353691,5.6636371070873235,8.096074903011322,0.7465534167903127
snn_lif,93,45.51911470592022,5.499734584940691,8.284589466452598,0.9598730607236481
snn_lif,94,44.94726097583771,5.121251768564009,8.23724973499775,0.9050786704786994
snn_lif,95,44.933421513438226,5.41535369909193,7.788374024629593,0.8495598079713048
snn_lif,96,44.815225541591644,4.814006822587845,7.832458972930908,0.991829311750756
snn_lif,97,43.97760849297047,5.05747816144738,7.980396792292595,0.9144683465995783
snn_lif,98,45.21307688951492,7.289154089495816,7.759219390153885,0.9590531104697236
snn_lif,99,44.05253717005253,5.970872243131753,7.949348413944245,1.1449335518077077
snn_lif,100,44.02529701888561,5.518760262329971,7.839660236239434,0.7578088905054927
snn_lif,101,43.583404034376144,6.223324541407918,8.184073954820633,1.9839980011244027
snn_lif,102,43.390855461359024,5.97486841684171,7.754104238748551,1.0994359068290929
snn_lif,103,42.71060141324997,5.789614823842304,7.9393107950687405,0.6058514484187973
snn_lif,104,42.90705421566963,5.45611619285631,8.012601134181022,1.1861927951481308
snn_lif,105,42.82947513759136,5.025402796772967,7.649208188056946,0.7784349768280562
snn_lif,106,42.367273452877996,5.22396052329962,7.785697969794273,0.7863049608894428
snn_lif,107,42.117045539617536,5.102001918098411,7.652556359767914,1.046979172470137
snn_lif,108,41.84894301891327,5.211280775964554,7.601731306314468,0.9692434812396605
snn_lif,109,41.23513890206814,4.501698852939466,7.410692518949508,0.686831503047542
snn_lif,110,41.64327928572893,5.238354807299303,7.370808976888656,0.9930664005175766
snn_lif,111,40.99139703512192,4.988784617599907,7.290319958329201,1.1359764850504466
snn_lif,112,41.466468220949174,5.2544946472905165,7.425110739469528,1.3150788994507796
snn_lif,113,41.059691241383554,5.0802129154835844,7.366312423348427,0.7515000411662827
snn_lif,114,41.34379357099533,5.75472720114347,7.463222050666809,1.044987193335626
snn_lif,115,40.830939120054246,4.767367470685901,7.087400642037392,0.7492285632629545
snn_lif,116,40.533674934506415,4.6470081113593515,7.044035959243774,0.962057720904427
snn_lif,117,40.52468563020229,4.618588851704675,7.256887066364288,1.1661273586336034
snn_lif,118,40.58934402763843,4.868270071329456,7.024417114257813,1.1542611695278608
snn_lif,119,39.7976467192173,4.584030167143654,7.531612706184387,1.1044559862213041
snn_lif,120,39.20437626540661,4.450971587257412,6.90476947426796,1.0944697960558187
snn_lif,121,39.92110173851252,4.931630970079262,7.304446092247963,0.8930065202593789
snn_lif,122,39.73945335447788,4.577293624383708,7.00866551399231,0.854666568310682
snn_lif,123,39.85959005057812,4.570643727783418,7.1685548856854435,1.2169972900892003
snn_lif,124,39.21388539373875,4.716465741660281,6.953465086221695,0.8290366287798988
snn_lif,125,39.13479959070683,4.514654075641534,6.889317765831947,0.829036594417731
snn_lif,126,38.73941150605678,5.313968364844325,7.070126739144325,1.1307954980753236
snn_lif,127,37.84496674239635,4.235361579613828,6.796421486139297,0.6417779057627373
snn_lif,128,38.44731730520725,4.587700734879453,6.757949650287628,0.7901068576932214
snn_lif,129,37.97218651771546,4.048603741024796,6.814885476231575,0.7725773001438249
snn_lif,130,37.96559928357601,4.083432136457247,6.827720373868942,0.722667826278423
snn_lif,131,37.617852073907855,4.074242263328806,6.832835184037686,0.925114776398787
snn_lif,132,37.49020909070968,4.374051457125904,6.871729174256325,0.8080500467196275
snn_lif,133,37.430658382177356,4.145827821864611,6.7597316831350325,0.7394686386461624
snn_lif,134,37.60930083096027,3.8214261005578303,6.494872325658799,0.5217769762649096
snn_lif,135,37.19939446151257,3.773001912330434,7.093194329738617,0.8076121346112171
snn_lif,136,37.31403891146183,4.148367552995505,6.858576717972755,0.572983795222608
snn_lif,137,37.403106382489206,3.7528253814927823,6.959494119882583,0.7175066911860569
snn_lif,138,37.26895067989826,3.6144998026604225,6.447305205464363,0.6404753813488518
snn_lif,139,37.06732537150383,3.5754773193864673,6.558120286464691,0.6117923558162106
snn_lif,140,36.41947837173939,3.871973747370104,6.6139888480305675,0.4244260630225821
snn_lif,141,36.52842149734497,3.7527653453670595,6.505503198504448,0.5731199585420639
snn_lif,142,36.55515351295471,3.3411292803747714,6.832833948731422,0.698481108677173
snn_lif,143,36.34545824229717,3.7341465813280172,6.508878406882286,0.7049885687588828
snn_lif,144,36.43318178355694,4.060130057917484,6.8771516874432566,0.856027810528032
snn_lif,145,35.92557608485222,4.066902524469894,6.3554448783397675,0.5840993115711289
snn_lif,146,35.631096145510675,3.5783330028413824,6.570508965849877,0.534867394339176
snn_lif,147,35.521876922249795,2.950254453987882,6.453518751263618,0.6590092478533723
snn_lif,148,35.24766283035278,3.4633849714961604,6.390490143001079,0.6364934324524453
snn_lif,149,35.32803466916084,3.7065402172538593,6.407259480655194,0.7020939046597481
snn_lif,150,34.93939309120178,3.574458926878173,6.069648514688015,0.4318549796393378
snn_lif,151,35.254054456949234,3.6353761399417537,6.400137639045715,0.5378545417934715
snn_lif,152,35.03307586014271,3.463176715251701,6.226353487372398,0.5162021581614517
snn_lif,153,34.892970918118955,3.12519313346132,6.4091931194067,0.803061993606949
snn_lif,154,35.230107727646825,3.0165038276704106,6.469472827017308,0.6173095273553135
snn_lif,155,34.97933935970068,3.1244059460574456,6.539884331822395,0.7395132266909145
snn_lif,156,35.19291316270828,3.1146458192610527,6.271346300840378,0.4685279259589089
snn_lif,157,34.34184201955795,3.1875535597617457,6.269497080147266,0.4773060688456647
snn_lif,158,34.436483305692676,2.9546255439107725,6.097271946072579,0.32028988217834764
snn_lif,159,34.90470980703831,3.5296698720926667,6.403460776805877,0.31499946672362034
snn_lif,160,34.27628445476294,3.0672938264417478,6.668208038806915,0.9064186564465574
snn_lif,161,34.242698785662654,3.1568088733628707,6.249421635270119,0.6258018549752348
snn_lif,162,34.162716284394264,2.942418470453748,6.249512591958046,0.5269836902225244
snn_lif,163,34.0000687211752,2.9686425264873604,6.214330515265464,0.4450484289365714
snn_lif,164,33.66899741292,2.5720954761178367,6.3314731761813166,0.4974159386040984
snn_lif,165,33.788312065601346,2.6864313811989207,6.0792146772146225,0.4923071569545005
snn_lif,166,33.744281354546544,2.8459437756337937,6.284084093570709,0.5975696879614403
snn_lif,167,33.2276674926281,3.3683287020546784,6.1796618267893795,0.6225570858277558
snn_lif,168,32.98891867399216,3.383199702352193,6.1027556106448175,0.6810257155985827
snn_lif,169,33.46489123106003,2.7245519143753967,6.093109136819839,0.48130193968971513
snn_lif,170,33.57848423719406,3.0253771952432826,6.455502299964428,0.9706405526220181
snn_lif,171,33.11658342778683,2.3883551466486477,6.195717793703079,0.3273903040625508
snn_lif,172,32.86922475993633,2.761814434584398,6.064119844138622,0.4652091712837659
snn_lif,173,32.89137718379497,2.7960234380021087,6.11069110929966,0.43339637413451876
snn_lif,174,32.91552349925041,2.5518130771908187,5.990823991596699,0.4740428555164252
snn_lif,175,33.173923689126966,2.4582858124741427,6.125517196953297,0.8768626948419571
snn_lif,176,32.71090534627437,2.781943456920509,6.27762004584074,0.7988589802627444
snn_lif,177,32.33918158113956,2.43923292449901,5.867508712410927,0.5445348340878534
snn_lif,178,32.232524526119235,3.1242385975120346,5.967335958778858,0.5078096873108138
snn_lif,179,32.67159895896911,2.641542251980256,6.008170308172703,0.3519829565441395
snn_lif,180,32.13600334525108,2.7090465188764847,5.910738165676594,0.5180529808474758
snn_lif,181,31.95753972530365,2.457049736090002,5.829543262720108,0.4754083096844314
snn_lif,182,31.814037406444548,2.548894597870285,6.035906511545181,0.6558633039324928
snn_lif,183,32.444618651270865,2.9115722819997965,5.909775638580323,0.42439784500348454
snn_lif,184,31.94908408522606,2.453507623395479,6.086146819591522,0.5079386201895966
snn_lif,185,32.20244188904762,2.712173296668533,5.712678574025631,0.35938163255387684
snn_lif,186,31.917180383205412,2.0374004035219273,5.946519508957863,0.5540638210266097
snn_lif,187,31.950553449988366,2.2724640976621497,6.035987901687622,0.49117865680503286
snn_lif,188,32.06662917435169,2.492279322338626,6.012594076991081,0.17959627601181927
snn_lif,189,31.63967504799366,2.4792339515878687,6.084017306566238,0.5582275141654428
snn_lif,190,31.494443944096567,2.3368488808582333,5.909339384734631,0.4620247982431631
snn_lif,191,31.21868395358324,1.9174156051663416,5.700583761930465,0.3188039640322079
snn_lif,192,31.088298362493514,2.0875869265857996,5.940531274676323,0.3511635352613979
snn_lif,193,31.048143687844277,2.4626578548108866,5.960664881765842,0.45412437723374177
snn_lif,194,30.65009142458439,2.5378951672125605,5.689546662569046,0.37553438830224245
snn_lif,195,31.269706308841705,2.4567987266175573,5.737999154627323,0.49844355448299804
snn_lif,196,31.23991676867008,2.62824922903854,5.649757502973079,0.44519542832820447
snn_lif,197,31.255794152617455,2.0132387106489817,5.7460119992494585,0.3973822764500343
snn_lif,198,30.58684296309948,2.250810063405481,5.625183728337288,0.42185762586900616
snn_lif,199,31.17116674333811,1.6781458808850158,5.734432007372379,0.369208693674779
snn_lif,200,30.658835411071777,2.6425728233102497,5.758094377815723,0.45846371029613175
snn_lif,201,30.670470348000528,2.2801106615052715,5.760133276879787,0.40491747579843446
snn_lif,202,30.51152367889881,2.219415679721733,5.962194287776947,0.6373408092343907
snn_lif,203,30.999098783731462,2.979128067167311,5.736641961336136,0.4407973904502511
snn_lif,204,30.29509282410145,2.102558972592485,5.800277656316757,0.583102680766752
snn_lif,205,30.71045827269554,2.4851434804434884,5.6927166193723675,0.3377623017838134
snn_lif,206,30.03957735002041,1.9814946191461975,5.71724459528923,0.42979025072998345
snn_lif,207,30.11906395256519,2.4151245798960934,5.51577545106411,0.42232821392742415
snn_lif,208,30.000758516788483,2.906442874503103,5.6972253888845446,0.5373689909839211
snn_lif,209,29.784297648072243,2.6890697886703667,5.462792670726776,0.35537868498144476
snn_lif,210,29.645346368849278,2.297890974808006,5.62544883787632,0.49014553861394
snn_lif,211,29.693288724124432,2.186592880553741,5.589072503149509,0.45365037777117256
snn_lif,212,29.720525592565536,2.0708224246664426,5.4896193370223045,0.38089801869160345
snn_lif,213,29.391274172067643,2.13269568583801,5.672031299769879,0.3111690949515729
snn_lif,214,29.884701082110404,1.9872842384108151,5.498229248821735,0.4105937080458011
snn_lif,215,29.52644229233265,2.016076918214451,5.5547005727887155,0.45461303111519924
snn_lif,216,29.354802161455154,2.063289890780252,5.528504858911037,0.4795653130268057
snn_lif,217,29.2064090013504,2.593706208009085,5.572350323200226,0.3285422901835286
snn_lif,218,29.069922798871993,2.3691256859920595,5.49824737906456,0.29531460300441575
snn_lif,219,29.422306793928147,1.9909757470208176,5.5133716583251955,0.5322570989271709
snn_lif,220,28.875780868530274,2.026929252172113,5.40870758742094,0.3444938159230167
snn_lif,221,29.072109493613244,1.9320546238686942,5.528850369155407,0.49084280369482003
snn_lif,222,29.55653088092804,2.556334178091586,5.412301667034626,0.308620731068696
snn_lif,223,28.832610151171686,2.290211854622852,5.337848810851574,0.2869501313322245
snn_lif,224,28.80919081866741,1.9706268309453534,5.575939938426018,0.35312307701199397
snn_lif,225,28.721458920836447,2.393803762445769,5.52729866951704,0.394887821896155
snn_lif,226,28.76376440227032,2.064870066659572,5.444935613870621,0.45002043959301447
snn_lif,227,28.26212564110756,1.8535432616100014,5.377014875411987,0.3192620760401048
snn_lif,228,28.577161802351476,1.7520157987132867,5.42888248115778,0.36138010174788426
snn_lif,229,28.368724702298643,2.0495059450191815,5.556416034698486,0.5035336629334742
snn_lif,230,28.355165560543536,2.371673642541908,5.403565819561481,0.28307749680138766
snn_lif,231,28.309670692682268,2.419997512250805,5.488166645169258,0.39333271783849566
snn_lif,232,28.321490117907523,2.4486517260497354,5.480319246649742,0.4246489012889587
snn_lif,233,28.464152063429356,2.1936259158327585,5.425312940776348,0.5038780040126717
snn_lif,234,28.388059788942336,2.0866699542588836,5.333354213833809,0.3730621157781402
snn_lif,235,28.153084932267667,1.9020904767345082,5.451984564960003,0.3342026170014497
snn_lif,236,27.871694824099542,2.054975155228736,5.411818066239357,0.3925965573972247
snn_lif,237,27.879866021871567,1.9349886938247327,5.166841074824333,0.30469550560754016
snn_lif,238,28.14836289584637,1.713618658333304,5.347833648324013,0.3935177824611978
snn_lif,239,27.630833151936532,2.4824762609105475,5.288923445343971,0.5175788734969008
snn_lif,240,27.708838382363318,2.2044258702229946,5.3300083979964255,0.42424505877050744
snn_lif,241,27.996490281820297,2.2127061685618816,5.32388466000557,0.4036089266682304
snn_lif,242,27.652490189671518,2.3157566854481697,5.510507026314736,0.4216832143778581
snn_lif,243,28.070446899533273,2.1985297329007705,5.367015013098717,0.45052549758082533
snn_lif,244,27.7977978348732,2.373486893616832,5.300306199491024,0.32956539624134135
snn_lif,245,28.43224233686924,2.0148191210094812,5.52303329706192,0.48738450782222026
snn_lif,246,28.33479131385684,1.7200306864317219,5.2094871520996096,0.4132430328082773
snn_lif,247,27.785657620429994,2.1477095665512422,5.233562955260277,0.46618131194217255
snn_lif,248,27.51395939141512,1.8721942522663448,5.307343922555447,0.35282986849860587
snn_lif,249,27.78431825041771,1.8750254905175145,5.1736150398850445,0.27190408283209433
snn_lif,250,26.91210605800152,2.0081812887850004,5.210295604169369,0.30911327515034864
snn_lif,251,27.18059304356575,2.045662948985513,5.366282181441784,0.3233426102086739
snn_lif,252,27.695430770516396,2.1126404941340704,5.2027264967560765,0.3425769159539035
snn_lif,253,26.967247080802917,2.374763946225511,5.152470551431179,0.49174528989159977
snn_lif,254,27.1125280931592,2.5071385689999124,5.171777096390724,0.537000238337652
snn_lif,255,26.830738389492033,2.0617814088786512,5.078948679566383,0.2929759948711712
snn_lif,256,27.06934815198183,2.28620956959286,5.157278282940387,0.4062738293314153
snn_lif,257,26.693588149547576,2.221614374058085,5.28800830245018,0.36418837386159303
snn_lif,258,26.943771302700043,2.1447654575165562,5.332460741698742,0.24954045313391815
snn_lif,259,26.610499954223634,1.8706403164605396,5.125111962854862,0.36838639427302833
snn_lif,260,27.099018308520318,1.9548511438218379,5.071007530391216,0.2660904915595229
snn_lif,261,26.3748338252306,2.0475681055189074,5.200776781141758,0.35460487755865355
snn_lif,262,27.122071009874343,2.1648263454091423,5.0734292849898335,0.2867741674283669
snn_lif,263,26.769367560744286,1.5894341116638464,5.34875308573246,0.4869277098276051
snn_lif,264,26.942104034125805,2.37136661045763,5.266804799437523,0.4620056506939918
snn_lif,265,26.790265944600105,2.164318745172102,5.417585580050945,0.4079285562466945
snn_lif,266,26.69272474348545,1.9762521635296546,5.308913923799992,0.45513925198554905
snn_lif,267,26.34477716088295,2.114208950063189,5.298190088570118,0.2767327355748447
snn_lif,268,26.502908369898798,1.7036109360210823,5.089030933380127,0.35646722662553165
snn_lif,269,26.38363055884838,2.031700945257328,5.030238410830497,0.45397149068608295
snn_lif,270,26.33465839624405,2.2119364593158326,5.103221197426319,0.4197586978567188
snn_lif,271,26.416665011644362,1.9571918461815438,5.123740343749523,0.35955359851606616
snn_lif,272,26.138293620944022,2.2795263510719366,5.204886065423489,0.531502660556672
snn_lif,273,26.73197221904993,2.2604090886198565,5.113410173356533,0.40197075821231276
snn_lif,274,26.597081610560416,1.7075333205243124,5.200625818967819,0.20236504095762625
snn_lif,275,26.16153966784477,1.913276756590129,5.061089739203453,0.40403887216640216
snn_lif,276,26.13913524597883,1.5325126127240136,5.172831270098686,0.26937154877699937
snn_lif,277,26.22521953433752,1.8167795131607372,5.13625108152628,0.3702708754383892
snn_lif,278,25.973812724649907,1.8729246145952245,5.204163487255573,0.23591974834238297
snn_lif,279,25.909581096470355,1.708951418531947,4.940116335451603,0.3562208830993155
snn_lif,280,25.698586082458498,2.2328367113613323,5.333965665102005,0.27681670734668484
snn_lif,281,25.737819227576257,1.971143049304973,5.086787527799606,0.30569184514642694
snn_lif,282,26.044792769849302,2.2135391573158385,5.12599376142025,0.15991983170778132
snn_lif,283,25.635566717386247,1.6469368879581405,5.0129080936312675,0.4436306619007971
snn_lif,284,25.639330013096334,1.2349423700600117,5.302852959930897,0.3018987523552289
snn_lif,285,25.661383727192877,1.564523849414831,5.027404168248177,0.4851285767447862
snn_lif,286,25.475357723236083,1.9876304213958693,4.9431995958089825,0.449607341117202
snn_lif,287,25.781170323491096,1.6890972349622284,4.973538610339165,0.3677430466782829
snn_lif,288,26.090595059096813,1.7485548879196307,4.890254794061184,0.28740210172151104
snn_lif,289,25.58741434663534,1.9991200887473741,5.076361607015133,0.21919849684628856
snn_lif,290,25.86283520311117,1.5966816966197301,4.991973574459553,0.42702227024582157
snn_lif,291,25.674644048511983,1.916454301217407,4.958293256163597,0.23456648824124074
snn_lif,292,25.288343584537508,1.844882751862328,5.218507719039917,0.44735399952517635
snn_lif,293,25.73365937769413,1.9591594333459217,5.2076847642660145,0.3453349687595673
snn_lif,294,25.2557117626071,1.6587420100603438,4.9886484265327455,0.14019417671594045
snn_lif,295,25.05839586853981,1.503761293946304,4.883344432711601,0.3000423113372483
snn_lif,296,25.405209413170816,1.8231494878511436,5.110189265012741,0.3067434577003869
snn_lif,297,24.85418400913477,1.5383517502597135,4.931738835573197,0.5348431310467185
snn_lif,298,25.277757911384107,1.9849431253747833,4.874882301688194,0.2478330254013301
snn_lif,299,24.942753361165522,1.847789041157521,4.914198397099971,0.391539106196002
snn_lif,300,24.576792939007284,1.8099631029382732,4.874471302330494,0.4185578240810651
snn_synaptic,1,236.69967274665834,1.935547893775252,33.91893112659454,0.8231725805857385
snn_synaptic,2,176.87731935977936,7.1936605979588455,26.673247814178467,1.8102137822519737
snn_synaptic,3,144.5612134218216,11.102444824147769,22.281575644016264,1.9654895792477425
snn_synaptic,4,124.3195072054863,11.187836726686529,19.320590150356292,1.6465354333239672
snn_synaptic,5,110.61719300746918,9.2730932326147,17.989773869514465,1.5087859011482578
snn_synaptic,6,102.0773911356926,7.671868925321629,16.37634425163269,1.3783100359563971
snn_synaptic,7,94.24335374832154,6.250854953399934,15.373236119747162,0.8289709365428782
snn_synaptic,8,88.65123665332794,5.310632079222966,14.417333900928497,0.8856086614188619
snn_synaptic,9,83.04446244239807,5.1570113397805555,13.788229608535767,0.9948067283056293
snn_synaptic,10,79.20297932028771,4.841174848104956,13.101447969675064,0.6062694175512582
snn_synaptic,11,75.64767758846283,5.09924728435845,12.855916094779968,0.76608643602797
snn_synaptic,12,72.53058546185494,4.537079864227905,11.899511104822158,0.7050061095330841
snn_synaptic,13,70.45632598400115,4.401760547280034,11.534686988592147,0.614155738231698
snn_synaptic,14,67.8852352142334,3.9693632436589956,11.052440971136093,0.509031666976989
snn_synaptic,15,65.59335148334503,4.290421379785317,10.96573635339737,0.8552812440817079
snn_synaptic,16,64.03588859438896,5.222965600546338,10.745955353975296,0.6300834463144882
snn_synaptic,17,62.21230177879333,3.679327461700684,10.27990979552269,0.7532156586340703
snn_synaptic,18,59.96295100450516,4.071931089382736,10.138620418310165,0.6949784814381339
snn_synaptic,19,58.46549600362778,3.892752925734823,10.019379246234895,0.7832003399029688
snn_synaptic,20,56.783805346488954,2.769846887734466,9.667429736256599,0.8371467369917448
snn_synaptic,21,55.93586174845696,3.4828677577350704,9.67993420958519,0.7500695371078138
snn_synaptic,22,54.37406314611435,3.417854353705512,9.554097932577132,1.003904876192614
snn_synaptic,23,53.09240950345993,3.9545084868853912,9.21217464208603,0.6458373454658723
snn_synaptic,24,52.04659513235092,2.648155476658115,9.116362529993058,0.799359933560799
snn_synaptic,25,51.74952694773674,3.861345482883779,8.466886299848557,0.6393785028860376
snn_synaptic,26,49.94247170090675,3.1409471785150322,8.696974769234657,0.8892692478481729
snn_synaptic,27,48.84155158400536,3.3422938916643705,8.5018190741539,0.5287054085599429
snn_synaptic,28,48.2148050904274,3.5014373302652255,8.372399139404298,0.5700474517872538
snn_synaptic,29,47.22143886089325,3.285027853316266,7.898273238539696,0.5570369062126922
snn_synaptic,30,46.38085089325905,3.1091892216332973,8.239317217469216,1.0189761429323678
snn_synaptic,31,45.53666710853577,3.2484378304577284,7.869920319318771,0.976907477450642
snn_synaptic,32,44.87912359833717,2.6997233747651292,7.6190149873495105,0.7157454876535958
snn_synaptic,33,44.38175346255302,2.7003297547193887,7.8051282346248625,0.8213828510642741
snn_synaptic,34,44.326902478933334,2.728400476460236,7.487300160527229,0.387886362016794
snn_synaptic,35,43.20169619321823,2.854506019818562,7.69309079349041,0.6008765819376491
snn_synaptic,36,43.10016748905182,2.7194679936292503,7.497085466980934,0.6301792812044867
snn_synaptic,37,42.361886996030805,2.2408289721209504,7.452157738804817,0.5771309024845708
snn_synaptic,38,41.71825869977474,2.423431364379294,7.104287099838257,0.540577932449982
snn_synaptic,39,41.26985351443291,2.438243421341474,7.024758142232895,0.489255353316763
snn_synaptic,40,40.78023702502251,2.106222153880845,7.362729799747467,0.2343436115687111
snn_synaptic,41,40.671480455994605,2.2713865921334646,6.959180536866188,0.26131091456150835
snn_synaptic,42,39.45810065567493,2.0483842574810964,6.753294691443443,0.4735221941375864
snn_synaptic,43,39.49252821207047,2.2741434207325306,6.712360310554504,0.5095632669502725
snn_synaptic,44,38.785152840614316,1.8556498060399738,6.731897214055062,0.5024937366841988
snn_synaptic,45,38.68506798148155,1.3585312383220423,6.616878935694695,0.2070901557466189
snn_synaptic,46,38.46396975517273,1.3901248812635074,6.589574345946312,0.34143018263464503
snn_synaptic,47,38.37849275767803,1.5746189206645749,6.820168855786323,0.9931345933867737
snn_synaptic,48,37.440859362483025,2.416978985831392,6.509224939346313,0.45634377122395925
snn_synaptic,49,37.427882611751556,1.6124238931561257,6.763578286767006,0.7705672050660245
snn_synaptic,50,36.599938687682155,2.084376257990225,6.613195544481277,0.5165639766308027
snn_synaptic,51,36.6766315639019,1.604527959617853,6.482874366641044,0.3255337071595265
snn_synaptic,52,36.2001091837883,1.7502795151387853,6.330125489830971,0.38981238681384767
snn_synaptic,53,35.985250008106235,1.8726105055742257,6.148602050542832,0.4488530415975587
snn_synaptic,54,35.351355931162836,1.6219885784960657,6.4135328978300095,0.3719659995095771
snn_synaptic,55,35.269564336538316,1.0007441150257286,6.31468014717102,0.6016849505444373
snn_synaptic,56,34.89724927544594,2.5871299760206776,6.216120344400406,0.40682462312459017
snn_synaptic,57,34.57658177614212,1.9277792699173395,6.260001523792743,0.4643059955528345
snn_synaptic,58,34.32740740478039,1.9014743808366,6.173470541834831,0.4446312699372777
snn_synaptic,59,34.09967393577099,1.7443140588471453,5.9556754440069195,0.33875740851877884
snn_synaptic,60,33.84085259437561,1.9830019999563129,5.711529934406281,0.41729176705999976
snn_synaptic,61,34.17099619209766,2.518539759133097,5.914132145047188,0.5640750753388529
snn_synaptic,62,33.93243384361267,1.525603976727824,6.083312997221947,0.33304592509773395
snn_synaptic,63,33.70245726108551,1.520432556894316,6.102836379408837,0.33807958299751967
snn_synaptic,64,33.4544889062643,1.3923828215682041,5.999623729288578,0.5118568800291919
snn_synaptic,65,33.521318927407265,1.7997969663670743,6.302306267619133,0.5036603056224227
snn_synaptic,66,32.91646323204041,1.3999911717795606,5.882498590648174,0.48129515448554844
snn_synaptic,67,32.53559112846851,1.9503031851419335,5.714099560678005,0.41964095785457495
snn_synaptic,68,32.0865862429142,1.7328315205105003,5.775143301486969,0.21945504359345425
snn_synaptic,69,32.175324401259424,1.581597465374708,5.595402812957763,0.29969459845988894
snn_synaptic,70,32.26451359391213,1.8611590900091635,5.803242239356041,0.298867278486378
snn_synaptic,71,31.955179831385614,1.6669714189350766,5.616656419634819,0.21020637321560412
snn_synaptic,72,31.6498267814517,1.29108426141137,5.590747304260731,0.17199522118336447
snn_synaptic,73,31.739694273471834,0.9481426555145197,5.763186994194984,0.27132784463461
snn_synaptic,74,31.423213513195513,1.5188420168276395,5.624930909276008,0.18663618167400106
snn_synaptic,75,31.242935380339624,1.7538851426267847,5.873048615455628,0.2733113772384544
snn_synaptic,76,31.31530768275261,1.1975156747334317,5.56783147752285,0.4358101513081677
snn_synaptic,77,31.13329223692417,1.5228315119337,5.466914042830467,0.22496516304706926
snn_synaptic,78,30.545414873957633,1.4787284941639836,5.564395658671856,0.46539452958189337
snn_synaptic,79,30.561556446552277,1.5298604939492864,5.402069553732872,0.2045577164720586
snn_synaptic,80,30.41809536218643,1.3367743177076563,5.283467222750187,0.3117812071050555
snn_synaptic,81,30.17815321832895,1.4073198665706075,5.609469553828239,0.5854632955351334
snn_synaptic,82,30.148540759086607,1.3981969958032823,5.52454434633255,0.3964980997689563
snn_synaptic,83,30.545600482821463,1.4729627570157302,5.462959876656532,0.32224713689187745
snn_synaptic,84,29.92963210940361,1.4359721106084264,5.28385911732912,0.33736159795854864
snn_synaptic,85,29.77649405300617,1.9344551258204803,5.643350964784622,0.454900494619974
snn_synaptic,86,30.19859254360199,1.3443129039363126,5.225846050679683,0.2434261748004511
snn_synaptic,87,29.65346106439829,1.8799869075486415,5.252759873867035,0.4877277089658478
snn_synaptic,88,29.625404869019984,1.5431824552578917,5.328062754869461,0.22985800646479468
snn_synaptic,89,29.49900784790516,1.4489864817210552,5.551548624038697,0.6786112487061892
snn_synaptic,90,29.461148479580878,1.5601002947422657,5.264761587977409,0.3112305669877515
snn_synaptic,91,28.830910673737527,1.304960072311668,5.29033579826355,0.3210852399114113
snn_synaptic,92,28.52085734009743,1.3941260301543281,5.438157728314399,0.5405321489797065
snn_synaptic,93,28.80771523118019,2.0087836102179417,5.413435515761376,0.6880447258716083
snn_synaptic,94,28.518896877765656,1.2918001987039947,4.9089786320924755,0.1814167449737711
snn_synaptic,95,28.157505121827125,1.6243325601727436,5.1930814132094385,0.49854364798624456
snn_synaptic,96,28.57238205075264,1.37177460519714,5.250297272205353,0.38090605000932054
snn_synaptic,97,28.474109888076782,1.4970279904464994,5.031304717063904,0.23508111090993583
snn_synaptic,98,28.49533368945122,1.0737935803603835,5.233917474746704,0.27854216368256973
snn_synaptic,99,28.28470166027546,1.3670842118641937,5.212382571399212,0.24740312377482174
snn_synaptic,100,28.570024774968623,1.9027129828585203,5.0236952498555185,0.2531970969197012
snn_synaptic,101,28.206509104371072,1.404235110819962,5.303931137919426,0.4248505300145853
snn_synaptic,102,28.200859823822974,1.5538114234326263,4.955644035339356,0.34917033117771984
snn_synaptic,103,27.993778163194655,1.6599930188177177,4.9433328583836555,0.37850275675711026
snn_synaptic,104,28.10169033408165,1.6652532460568612,5.819504842162132,0.7857429443827797
snn_synaptic,105,27.657897098362447,1.6135526957809831,5.199090912938118,0.28521109958091073
snn_synaptic,106,27.414672954380514,1.4201484220865543,4.978100472688675,0.3386542072555269
snn_synaptic,107,27.000518757104874,1.69059515541425,4.931421846151352,0.2651942111146784
snn_synaptic,108,27.886074441671372,1.6551986601639874,4.9969622328877445,0.3199293740603427
snn_synaptic,109,27.359457714855672,1.6027242619018622,4.927140706777573,0.21818651824633956
snn_synaptic,110,27.1120914965868,1.345596741031249,5.083694829046726,0.3521847772130863
snn_synaptic,111,27.081504815816878,1.4737629773425196,4.980007016658783,0.2974182479557866
snn_synaptic,112,27.060075841844082,0.9438252493812315,4.894689945876598,0.5107995589028658
snn_synaptic,113,26.97814151197672,1.4650679206860155,4.888646501302719,0.29312742567848216
snn_synaptic,114,26.875932379066946,0.9563334248233526,5.087909345328808,0.6416316832144593
snn_synaptic,115,26.812040844559668,1.0999424287415094,4.827507545053959,0.364900794063332
snn_synaptic,116,26.514596562087537,1.5307458210171034,4.9529441967606544,0.5340683293766552
snn_synaptic,117,26.90065854638815,2.043806661416082,4.650869031250477,0.31071600375567493
snn_synaptic,118,26.459081859886645,1.4648552673897897,4.821045486629009,0.5057180760049053
snn_synaptic,119,26.216703537106515,1.4466318200445556,5.079409094154835,0.48382824564284066
snn_synaptic,120,26.658306011557578,1.621595925537098,4.923655004799366,0.32909999314537874
snn_synaptic,121,26.465902964770795,1.058601561019355,4.686275368928909,0.265176692582464
snn_synaptic,122,26.08373225927353,1.6199245329629024,4.76514587700367,0.3124584187769407
snn_synaptic,123,26.3112774387002,1.4268139378523124,4.561797249317169,0.4025816908105999
snn_synaptic,124,26.094131138920783,1.6033946150458263,4.8072411805391315,0.33649363043837843
snn_synaptic,125,26.12333185225725,1.2917595348546738,4.740554745495319,0.30119634791105143
snn_synaptic,126,26.14754757732153,1.980530577856989,4.789622460305691,0.2813250134014654
snn_synaptic,127,25.99821495562792,1.3935525858412383,4.890378159284592,0.2935902823912437
snn_synaptic,128,25.93827028423548,1.3699478941639605,4.822509853541851,0.2962511418895065
snn_synaptic,129,25.722441455721857,1.5984856555445297,4.755501565337181,0.3705246401583004
snn_synaptic,130,25.73683372437954,1.4601535562513193,4.887884858250618,0.42872108570216244
snn_synaptic,131,25.91217661201954,1.3243151312167742,4.857194235920906,0.25852042125331376
snn_synaptic,132,25.39290646314621,1.5787188669253216,4.815207716822624,0.40690176101863845
snn_synaptic,133,25.01378529816866,1.5000741995871107,4.68085565418005,0.2795929556143556
snn_synaptic,134,25.436978389322757,1.154265523498052,4.8761031240224835,0.4255328481432708
snn_synaptic,135,25.298337799310683,1.8799668198742032,4.652106830477715,0.34067274287898125
snn_synaptic,136,25.007666569948196,1.4131988195885175,4.709386420249939,0.27760895281167103
snn_synaptic,137,25.05653018206358,1.5134466264983157,4.674845243990421,0.34586244260563626
snn_synaptic,138,25.01247452944517,1.5879379868479149,4.886226125061512,0.37853540883170333
snn_synaptic,139,25.505275423824788,1.4773172825951117,4.696147471666336,0.17890981749171067
snn_synaptic,140,25.004206219315527,1.4813707939492275,4.654887206852436,0.1897760659106096
snn_synaptic,141,24.591872368752956,1.2755567255817013,4.607030063867569,0.5007458798880121
snn_synaptic,142,24.870809012651442,2.0231393023007582,4.940321464836598,0.42557001287103136
snn_synaptic,143,24.594166386127473,1.4757487828526623,4.6327265977859495,0.2969223846164892
snn_synaptic,144,24.52890783548355,1.3781671812804928,4.572157536447048,0.267429431434368
snn_synaptic,145,24.384071281552316,1.6304638331691756,4.631247468292713,0.3423310198585154
snn_synaptic,146,24.74283779412508,1.2745911905886649,4.549846485257149,0.2238116642309763
snn_synaptic,147,24.126473338901995,1.2274880599382476,4.639219638705254,0.2946854279461545
snn_synaptic,148,24.566284304112195,1.5836847167907968,4.672978024184704,0.4509752937820039
snn_synaptic,149,24.457250568270684,1.4886445074260684,4.5729859754443165,0.41827584463845474
snn_synaptic,150,24.384800603985788,1.3768328591825179,4.742817039787769,0.4166952459846443
snn_synaptic,151,24.63679031729698,1.5010018781085446,4.896795971691608,0.4260970802051193
snn_synaptic,152,24.40641851425171,1.266715780959001,4.452674807608128,0.23732878315907277
snn_synaptic,153,23.879696026444435,1.0819086221898555,4.629175116121769,0.27620797531809854
snn_synaptic,154,24.364453421533106,1.4607463569806163,4.3783480182290075,0.3668184769491278
snn_synaptic,155,24.324829667806625,1.5701749002301961,4.538034170866013,0.36294396988191757
snn_synaptic,156,24.052102418243884,1.4422814638062267,4.578097160160541,0.370164651554813
snn_synaptic,157,23.904118365049364,1.5199788157154543,4.515873236954212,0.292831419676772
snn_synaptic,158,23.928197735548018,0.9421631189679487,4.517777904868126,0.35489137050752645
snn_synaptic,159,23.95242349207401,1.0902647426692509,4.77185981720686,0.31815223816046573
snn_synaptic,160,24.17181777060032,1.1674594012202428,4.5652721747756,0.26498840698932397
snn_synaptic,161,23.890818583965302,1.678877846357711,4.6208744302392,0.39200443514182753
snn_synaptic,162,23.953123937547208,1.036636736128536,4.991575910151004,0.8277239402926717
snn_synaptic,163,23.900757409632206,1.506347243125933,5.093946702778339,0.9057017466255519
snn_synaptic,164,24.118542179465294,1.3602829741863591,4.64486515969038,0.4788991238666348
snn_synaptic,165,23.842979136109353,1.2618460384510644,4.684766775369644,0.3944525928150663
snn_synaptic,166,23.40458751767874,1.4342311857000094,4.432648918032646,0.2913160162814854
snn_synaptic,167,23.789993387460708,1.0345533603058203,4.626696637272834,0.5410085605053468
snn_synaptic,168,23.71639642417431,1.4913474607482589,4.530488379299641,0.19139420767244814
snn_synaptic,169,23.69253925830126,0.9927848641689045,4.80181393623352,0.22900066837677485
snn_synaptic,170,23.82558587193489,0.986077554829945,4.543047524988651,0.2160001210329315
snn_synaptic,171,23.664283035695554,1.087844884655679,4.460445563495159,0.2505099456553588
snn_synaptic,172,23.468540069460868,1.078458527225162,4.481816890835762,0.258246061761075
snn_synaptic,173,23.252838572859766,1.580187951464789,4.318211933225394,0.2544312096121648
snn_synaptic,174,23.279372522234915,1.1137534312930004,4.265774194896221,0.260726560868165
snn_synaptic,175,23.380447743833066,1.1888428427616669,4.521556054055691,0.3461103253595078
snn_synaptic,176,23.685271692276,1.4848404517842837,4.488208085298538,0.3378505496147998
snn_synaptic,177,23.481343196332453,1.1972375784213987,4.3592883229255674,0.13895782402018414
snn_synaptic,178,23.670985755324363,0.8805076678031601,4.675751891732216,0.3143813263710248
snn_synaptic,179,23.067426638305186,1.1415977112234996,4.534129610657692,0.19808844405524212
snn_synaptic,180,23.67058697640896,1.625774326355848,4.5166137114167215,0.446613803363018
snn_synaptic,181,22.919757535308598,0.886258691074969,4.4026940479874614,0.25555598985347616
snn_synaptic,182,23.552445846796036,1.188205739458234,4.294795897603035,0.23598211809139072
snn_synaptic,183,23.451949536800385,1.226645702072139,4.731975223124027,0.26259685721968723
snn_synaptic,184,23.0438186109066,1.1975208680236784,4.249886457622051,0.15294092830955588
snn_synaptic,185,22.981799256801605,1.2583719172998218,4.2509214848279955,0.23016702784478774
snn_synaptic,186,23.195251765847207,0.9520614098623441,4.489822385460139,0.2033243037533744
snn_synaptic,187,23.08650038540363,1.1387448261061273,4.347219215333462,0.37478869048839086
snn_synaptic,188,22.548769260942937,1.506144200000267,4.396930366754532,0.31207524675681736
snn_synaptic,189,22.876403398811817,1.3462693400867387,4.483414319157601,0.4599563209767814
snn_synaptic,190,22.829516945779325,0.8227998022954028,4.431245788931847,0.35461130939718677
snn_synaptic,191,22.84548087120056,1.627130790235125,4.327950529754162,0.20772792779531227
snn_synaptic,192,23.09194899648428,0.9905586312746345,4.43016756400466,0.3526546210884466
snn_synaptic,193,22.566643625497818,0.898863826759252,4.37539356648922,0.17841753564698046
snn_synaptic,194,22.36652188450098,1.189729065015054,4.524662287533284,0.6083148569230717
snn_synaptic,195,22.361269970238208,1.135994113400281,4.4200114265084265,0.43153988985840097
snn_synaptic,196,22.637635101377963,1.3411565658134659,4.671375705301761,0.5731663607944556
snn_synaptic,197,22.845370727777482,1.3454638382486448,4.447682453691959,0.6290615100770974
snn_synaptic,198,22.278154361248017,1.6678205701529936,4.275868108868599,0.2738561160982221
snn_synaptic,199,22.389968729019166,0.9289982803365459,4.266788986325264,0.18839137189700492
snn_synaptic,200,22.426838031411172,1.0575802085316888,4.429279619455338,0.3424231328244156
snn_synaptic,201,22.594572742283344,1.2461936939671323,4.441765125095844,0.36069340499120084
snn_synaptic,202,22.5702077254653,1.11653961605985,4.3793105110526085,0.2834834287531559
snn_synaptic,203,22.612960603833198,1.2694106402570358,4.23978670090437,0.2687627353432722
snn_synaptic,204,22.381753627210855,1.2967369112157374,4.342262184619903,0.44942585426605086
snn_synaptic,205,21.998074559867383,1.227032948009529,4.324866861104965,0.3448092704007793
snn_synaptic,206,22.37264074832201,1.1038614567670113,4.334941640496254,0.21411729698496929
snn_synaptic,207,22.499505007266997,1.0609051673967584,4.288017418980599,0.25827425152920375
snn_synaptic,208,22.0273045450449,1.152885627201391,4.200568662583828,0.42924523178904833
snn_synaptic,209,22.352833794057368,1.6293138824977265,4.207768686115742,0.27893955280984384
snn_synaptic,210,22.10114067941904,1.4125237870553813,4.23351663351059,0.4051682691472112
snn_synaptic,211,22.23576340675354,0.9448603484091395,4.227907125651837,0.34049906231616933
snn_synaptic,212,22.281517910957337,1.4520793603265076,4.288884572684765,0.29088234106608823
snn_synaptic,213,22.24544534534216,1.075171779846745,4.323032908141613,0.2602745170527716
snn_synaptic,214,22.48062827885151,1.1313343591967695,4.06167641878128,0.26508468948832237
snn_synaptic,215,22.43346517533064,1.2981290028989478,4.14247672855854,0.11007382279068498
snn_synaptic,216,22.22749038413167,1.2401439752950958,4.467503401637077,0.11831576138804036
snn_synaptic,217,22.402663362026214,1.0021337054495738,4.309845584630966,0.3488995703101239
snn_synaptic,218,21.803678721934556,0.8380847079702264,4.315198355168104,0.5179081635329941
snn_synaptic,219,22.17786220908165,0.966993644946931,4.160059987008571,0.2264229149296974
snn_synaptic,220,21.91685308367014,1.028058271743947,4.147518001496792,0.31705517488269136
snn_synaptic,221,21.900762322545052,0.9752554443841652,4.220363163948059,0.3505990440366937
snn_synaptic,222,22.07170077562332,0.8349257804260252,4.292226853966713,0.3007653618592308
snn_synaptic,223,22.340667636692523,1.659333651546073,4.309861321747303,0.5712662987939227
snn_synaptic,224,21.91721771210432,1.2355744071130401,4.167563176900148,0.26014804049634754
snn_synaptic,225,21.594785717129707,0.8170162382144293,4.186668081581592,0.1908063181604939
snn_synaptic,226,21.700461913645267,1.0249421190342005,4.175017032027244,0.33899595835670626
snn_synaptic,227,21.898695394396782,1.6190439484313912,4.269920037686825,0.5694628028357943
snn_synaptic,228,21.994902816414832,1.4451067806247002,4.287148548662662,0.5746768191071409
snn_synaptic,229,21.66815346479416,1.4239421115720523,4.277895966172219,0.4459757331426324
snn_synaptic,230,22.170652927458285,1.3595394083835013,4.308539162576198,0.45219713618576834
snn_synaptic,231,21.671714833378793,1.1018365350743466,4.314893014729023,0.1318386922334953
snn_synaptic,232,21.68830875083804,1.3658035978928347,4.291575872898102,0.4051148421190658
snn_synaptic,233,21.630641812086104,1.2853643027205781,4.315749184787274,0.3170230089600958
snn_synaptic,234,21.764819997549058,1.123278266748242,4.094774021208286,0.2903813461961574
snn_synaptic,235,21.677855959534647,0.9757350742983995,4.105576623976231,0.4102872576819868
snn_synaptic,236,21.608059054613115,1.3838566155441168,4.05656371563673,0.2940324254125794
snn_synaptic,237,21.51234619319439,1.5965029347629405,4.501029180735349,0.9572848203279609
snn_synaptic,238,21.521584877371787,1.3791757194075467,4.190753355622292,0.32192141878497726
snn_synaptic,239,21.80533553212881,1.170368851983265,4.1984599232673645,0.22033014237001033
snn_synaptic,240,21.462433348596097,1.1977157970350316,4.2730578750371935,0.2742269866895024
snn_synaptic,241,21.56696077734232,1.4571701874927012,4.319466419517994,0.5094453781167771
snn_synaptic,242,21.83637300133705,1.1463200212276992,4.222045068442822,0.23013932918833085
snn_synaptic,243,21.305520939826966,1.0274124817587338,4.200580851733685,0.2758029206784522
snn_synaptic,244,21.290159451961518,1.1440941068703114,4.132415254414082,0.2471211690961046
snn_synaptic,245,21.55007876008749,1.3442341213129272,4.2597057417035105,0.39424457985309735
snn_synaptic,246,21.862710988521577,1.649568830235512,4.238471427559853,0.5010658709922482
snn_synaptic,247,21.631597486138343,1.377538491601836,4.0725700303912165,0.2879349026016139
snn_synaptic,248,21.261041189730168,1.5824280721467687,4.051013812422752,0.14076594735892042
snn_synaptic,249,21.29988885521889,1.3945910971960391,4.1930207625031475,0.3405306819022781
snn_synaptic,250,21.209109556674957,1.1051434888859675,4.237835352867842,0.3353308593488832
snn_synaptic,251,21.380946403741838,0.8325859774923827,4.087808574736118,0.20036933253451145
snn_synaptic,252,21.4386050388217,1.1435498421503885,4.121936847269535,0.3178891837563149
snn_synaptic,253,21.232368113100527,1.349376835162969,4.068030424416065,0.33016158506235865
snn_synaptic,254,20.914072546362878,0.9960184271235986,4.086300994455814,0.17858773840271672
snn_synaptic,255,21.27098208963871,1.032648940377733,4.061379031836987,0.15473310507858778
snn_synaptic,256,21.057908560335637,1.0668686789602042,4.321771635115146,0.26840855976491607
snn_synaptic,257,20.966370034217835,1.229948725680091,4.185464259982109,0.2966384978398766
snn_synaptic,258,21.06356939226389,1.149230209652219,4.126299701631069,0.2891764890542128
snn_synaptic,259,21.165348459780216,1.4865940476429982,4.084791943430901,0.2696542074528795
snn_synaptic,260,21.21149810105562,1.2523090219463575,4.265226438641548,0.45142716857751436
snn_synaptic,261,21.07878133505583,0.9471974046874386,4.310541298985481,0.39712904601095583
snn_synaptic,262,21.22293283045292,1.3492989011096832,4.000268267095089,0.28748593809009754
snn_synaptic,263,21.505493077635766,1.3150545945247416,4.213453367352486,0.16879828568791588
snn_synaptic,264,21.30622205734253,1.1963110312096037,4.2409826755523685,0.5117350911700107
snn_synaptic,265,21.110778617858887,1.2675585995249163,4.296332070231438,0.3715241076171666
snn_synaptic,266,21.285746678709984,1.5240975762986722,4.18788740336895,0.38577754601946435
snn_synaptic,267,21.035357125103474,1.0730663620008816,4.068713286519051,0.20086894494606541
snn_synaptic,268,21.24537945985794,0.8110512497847638,4.016137433052063,0.22572673472921756
snn_synaptic,269,20.687278896570206,0.9349122695521802,4.324807092547417,0.41572359867174485
snn_synaptic,270,21.059426459670068,1.1710958690240447,4.183363780379295,0.47821533631488505
snn_synaptic,271,20.830131904780863,0.9118273725749056,4.172984124720097,0.18477394622388943
snn_synaptic,272,20.971964375674723,1.2881164131145264,4.17836058139801,0.2102154041202337
snn_synaptic,273,20.848902532458304,1.0416377166942776,4.067994257807731,0.254892892395094
snn_synaptic,274,20.97991380393505,0.8476900769397496,4.115090075135231,0.23506951023163178
snn_synaptic,275,20.965013821423053,1.2186542503144215,4.156635300815106,0.1791350513800619
snn_synaptic,276,20.814773450791836,0.7629647606022933,4.065879000723362,0.2460887901074262
snn_synaptic,277,21.193359549343587,1.145178396688722,4.178464649617672,0.22675566628909255
snn_synaptic,278,21.017251271009446,1.1752918372152412,4.012708394229412,0.32337230788869786
snn_synaptic,279,21.31892375051975,1.4696049779827796,4.352780996263027,0.35430037899083106
snn_synaptic,280,20.50451726913452,0.9620877219289246,4.108022064715624,0.1717272822618285
snn_synaptic,281,20.82421992123127,0.9974867588826013,4.001436416804791,0.15303765301568706
snn_synaptic,282,20.456695929169655,1.3180517314569486,4.215566876530647,0.29712166412354113
snn_synaptic,283,20.679653356969357,1.0042642337181467,3.9468023404479027,0.26017704861909874
snn_synaptic,284,20.851394219696523,0.9527501498085793,3.997378000617027,0.0986458715784419
snn_synaptic,285,20.300506679713727,1.1734318369299295,4.329257071018219,0.5735990769241172
snn_synaptic,286,20.55389745980501,1.1658160139935232,4.002766960859299,0.4005371501374719
snn_synaptic,287,20.167754977941513,1.2800622691064596,3.938631942868233,0.20566959964900736
snn_synaptic,288,20.308235366642474,1.063711026692248,3.8898690938949585,0.15150241194717942
snn_synaptic,289,20.326590490341186,0.7032106601221274,4.078949123620987,0.21704850482926444
snn_synaptic,290,20.250262530148028,0.5297504028582121,3.9664619341492653,0.3568071233394357
snn_synaptic,291,20.212824375927447,1.0892227388058597,3.9209028080105783,0.30377463095119445
snn_synaptic,292,20.44539594054222,0.749561133774802,3.917092204093933,0.24270820007949143
snn_synaptic,293,20.221714527904986,0.8077845994842293,4.053997066617012,0.26332829060896423
snn_synaptic,294,20.076877894997597,1.0743135142256834,4.029680201411248,0.12458709983331966
snn_synaptic,295,20.429911562800406,0.5634177958315738,4.1169341370463375,0.1801704200791318
snn_synaptic,296,19.87936082482338,0.58805445177032,3.9272477872669698,0.16170857097722988
snn_synaptic,297,20.064305253326893,0.7275227021968123,4.014777871221304,0.29254622686015347
snn_synaptic,298,20.2055726647377,0.9521482030137148,4.4011515632271765,1.0488598756305467
snn_synaptic,299,20.428983469307422,1.4466105356157328,4.063956838846207,0.2605362804309352
snn_synaptic,300,20.18003475293517,0.8411186852175208,4.14344946295023,0.31998536199179073
